{
  "dashboard": {
    "id": null,
    "title": "Strategy Performance",
    "description": "V1核心面板：策略性能监控仪表盘",
    "tags": ["strategy", "performance", "monitoring"],
    "timezone": "Asia/Hong_Kong",
    "time": {
      "from": "now-1h",
      "to": "now"
    },
    "refresh": "30s",
    "templating": {
      "list": [
        {
          "name": "env",
          "type": "query",
          "query": "label_values(strategy_mode_active, env)",
          "refresh": 1,
          "includeAll": false,
          "multi": false,
          "allValue": "",
          "datasource": "Prometheus",
          "definition": "label_values(strategy_mode_active, env)",
          "current": {
            "selected": true,
            "text": "testing",
            "value": "testing"
          }
        },
        {
          "name": "symbol",
          "type": "query",
          "query": "label_values(strategy_mode_active{env=\"$env\"}, symbol)",
          "refresh": 1,
          "includeAll": true,
          "multi": true,
          "allValue": ".*",
          "datasource": "Prometheus",
          "definition": "label_values(strategy_mode_active{env=\"$env\"}, symbol)",
          "current": {
            "selected": true,
            "text": ["BTCUSDT"],
            "value": ["BTCUSDT"]
          }
        }
      ]
    },
    "panels": [
      {
        "id": 1,
        "title": "Parameter Update Duration (P50)",
        "type": "stat",
        "gridPos": {"h": 8, "w": 6, "x": 0, "y": 0},
        "targets": [
          {
            "expr": "histogram_quantile(0.50, sum by(le) (rate(strategy_params_update_duration_ms_bucket{env=\"$env\"}[$__rate_interval])))",
            "legendFormat": "P50",
            "datasource": "Prometheus"
          }
        ],
        "fieldConfig": {
          "defaults": {
            "unit": "ms"
          }
        },
        "options": {
          "reduceOptions": {
            "values": false,
            "calcs": ["lastNotNull"],
            "fields": ""
          },
          "orientation": "auto",
          "textMode": "auto",
          "colorMode": "none",
          "graphMode": "none"
        }
      },
      {
        "id": 2,
        "title": "Parameter Update Duration (P95)",
        "type": "stat",
        "gridPos": {"h": 8, "w": 6, "x": 6, "y": 0},
        "targets": [
          {
            "expr": "histogram_quantile(0.95, sum by(le) (rate(strategy_params_update_duration_ms_bucket{env=\"$env\"}[$__rate_interval])))",
            "legendFormat": "P95",
            "datasource": "Prometheus"
          }
        ],
        "fieldConfig": {
          "defaults": {
            "unit": "ms"
          }
        },
        "options": {
          "reduceOptions": {
            "values": false,
            "calcs": ["lastNotNull"],
            "fields": ""
          },
          "orientation": "auto",
          "textMode": "auto",
          "colorMode": "none",
          "graphMode": "none"
        }
      },
      {
        "id": 3,
        "title": "Parameter Update Duration (P99)",
        "type": "stat",
        "gridPos": {"h": 8, "w": 6, "x": 12, "y": 0},
        "targets": [
          {
            "expr": "histogram_quantile(0.99, sum by(le) (rate(strategy_params_update_duration_ms_bucket{env=\"$env\"}[$__rate_interval])))",
            "legendFormat": "P99",
            "datasource": "Prometheus"
          }
        ],
        "fieldConfig": {
          "defaults": {
            "unit": "ms"
          }
        },
        "options": {
          "reduceOptions": {
            "values": false,
            "calcs": ["lastNotNull"],
            "fields": ""
          },
          "orientation": "auto",
          "textMode": "auto",
          "colorMode": "none",
          "graphMode": "none"
        }
      },
      {
        "id": 4,
        "title": "Update Failures",
        "type": "stat",
        "gridPos": {"h": 8, "w": 6, "x": 18, "y": 0},
        "targets": [
          {
            "expr": "sum without(instance,pod) (increase(strategy_params_update_failures_total{env=\"$env\"}[$__range]))",
            "legendFormat": "Total Failures",
            "datasource": "Prometheus"
          }
        ],
        "fieldConfig": {
          "defaults": {
            "unit": "short",
            "color": {
              "mode": "thresholds"
            },
            "thresholds": {
              "steps": [
                {"color": "green", "value": null},
                {"color": "red", "value": 1}
              ]
            }
          }
        },
        "options": {
          "reduceOptions": {
            "values": false,
            "calcs": ["lastNotNull"],
            "fields": ""
          },
          "orientation": "auto",
          "textMode": "auto",
          "colorMode": "value",
          "graphMode": "none"
        }
      },
      {
        "id": 5,
        "title": "Parameter Update Duration Trend",
        "type": "timeseries",
        "gridPos": {"h": 8, "w": 12, "x": 0, "y": 8},
        "targets": [
          {
            "expr": "histogram_quantile(0.50, sum by(le) (rate(strategy_params_update_duration_ms_bucket{env=\"$env\"}[$__rate_interval])))",
            "legendFormat": "P50",
            "datasource": "Prometheus"
          },
          {
            "expr": "histogram_quantile(0.95, sum by(le) (rate(strategy_params_update_duration_ms_bucket{env=\"$env\"}[$__rate_interval])))",
            "legendFormat": "P95",
            "datasource": "Prometheus"
          },
          {
            "expr": "histogram_quantile(0.99, sum by(le) (rate(strategy_params_update_duration_ms_bucket{env=\"$env\"}[$__rate_interval])))",
            "legendFormat": "P99",
            "datasource": "Prometheus"
          }
        ],
        "fieldConfig": {
          "defaults": {
            "unit": "ms"
          }
        }
      },
      {
        "id": 6,
        "title": "Update Failures by Module",
        "type": "table",
        "gridPos": {"h": 8, "w": 12, "x": 12, "y": 8},
        "targets": [
          {
            "expr": "sum by (module) (increase(strategy_params_update_failures_total{env=\"$env\"}[$__range]))",
            "format": "table",
            "instant": true,
            "datasource": "Prometheus"
          }
        ],
        "fieldConfig": {
          "defaults": {
            "unit": "short"
          }
        },
        "transformations": [
          {
            "id": "organize",
            "options": {
              "excludeByName": {
                "Time": true
              },
              "indexByName": {},
              "renameByName": {
                "Value": "Failures",
                "module": "Module"
              }
            }
          }
        ]
      },
      {
        "id": 7,
        "title": "Parameter Update Duration Histogram",
        "type": "heatmap",
        "gridPos": {"h": 8, "w": 24, "x": 0, "y": 16},
        "targets": [
          {
            "expr": "sum(rate(strategy_params_update_duration_ms_bucket{env=\"$env\"}[$__rate_interval])) by (le)",
            "format": "heatmap",
            "datasource": "Prometheus"
          }
        ],
        "options": {
          "calculate": false,
          "calculation": {},
          "cellGap": 2,
          "cellValues": {},
          "color": {
            "exponent": 0.5,
            "fill": "dark-orange",
            "mode": "spectrum",
            "reverse": false,
            "scale": "exponential",
            "scheme": "Oranges",
            "steps": 64
          },
          "exemplars": {
            "color": "rgba(255,0,255,0.7)"
          },
          "filterValues": {
            "le": 1e-9
          },
          "legend": {
            "show": false
          },
          "rowsFrame": {
            "layout": "auto"
          },
          "tooltip": {
            "show": true,
            "yHistogram": false
          },
          "yAxis": {
            "axisPlacement": "left",
            "reverse": false,
            "unit": "ms"
          }
        }
      }
    ]
  }
}
