{
  "dashboard": {
    "id": null,
    "title": "Strategy Mode Overview",
    "description": "V1核心面板：策略模式切换监控仪表盘",
    "tags": ["strategy", "mode", "monitoring"],
    "timezone": "Asia/Hong_Kong",
    "time": {
      "from": "now-6h",
      "to": "now"
    },
    "refresh": "30s",
    "templating": {
      "list": [
        {
          "name": "env",
          "type": "query",
          "query": "label_values(strategy_mode_active, env)",
          "refresh": 1,
          "includeAll": false,
          "multi": false,
          "allValue": "",
          "datasource": "Prometheus",
          "definition": "label_values(strategy_mode_active, env)",
          "current": {
            "selected": true,
            "text": "testing",
            "value": "testing"
          }
        },
        {
          "name": "symbol",
          "type": "query",
          "query": "label_values(strategy_mode_active{env=\"$env\"}, symbol)",
          "refresh": 1,
          "includeAll": true,
          "multi": true,
          "allValue": ".*",
          "datasource": "Prometheus",
          "definition": "label_values(strategy_mode_active{env=\"$env\"}, symbol)",
          "current": {
            "selected": true,
            "text": ["BTCUSDT"],
            "value": ["BTCUSDT"]
          }
        }
      ]
    },
    "annotations": {
      "list": [
        {
          "name": "Mode Switches",
          "datasource": "Prometheus",
          "enable": true,
          "expr": "increase(strategy_mode_transitions_total{env=\"$env\",symbol=~\"$symbol\"}[1m]) > 0",
          "iconColor": "auto",
          "titleFormat": "Mode switch: {{reason}}",
          "textFormat": "{{from}} → {{to}} ({{reason}})",
          "colorByValue": true,
          "colorMapping": {
            "schedule": "blue",
            "market": "orange", 
            "manual": "green"
          }
        }
      ]
    },
    "panels": [
      {
        "id": 1,
        "title": "Current Mode",
        "type": "stat",
        "gridPos": {"h": 8, "w": 6, "x": 0, "y": 0},
        "targets": [
          {
            "expr": "max without(instance,pod,symbol) (strategy_mode_active{env=\"$env\",symbol=~\"$symbol\"})",
            "legendFormat": "Mode",
            "datasource": "Prometheus"
          }
        ],
        "fieldConfig": {
          "defaults": {
            "unit": "short",
            "mappings": [
              {
                "options": {
                  "0": {"text": "Quiet", "color": "blue"},
                  "1": {"text": "Active", "color": "green"}
                },
                "type": "value"
              }
            ],
            "thresholds": {
              "steps": [
                {"color": "blue", "value": null},
                {"color": "green", "value": 1}
              ]
            }
          }
        },
        "options": {
          "reduceOptions": {
            "values": false,
            "calcs": ["lastNotNull"],
            "fields": ""
          },
          "orientation": "auto",
          "textMode": "auto",
          "colorMode": "value",
          "graphMode": "none"
        }
      },
      {
        "id": 2,
        "title": "Last Switch Ago",
        "type": "stat",
        "gridPos": {"h": 8, "w": 6, "x": 6, "y": 0},
        "targets": [
          {
            "expr": "time() - max without(instance,pod) (strategy_mode_last_change_timestamp{env=\"$env\",symbol=~\"$symbol\"})",
            "legendFormat": "Duration",
            "datasource": "Prometheus"
          }
        ],
        "fieldConfig": {
          "defaults": {
            "unit": "duration(s)"
          }
        },
        "options": {
          "reduceOptions": {
            "values": false,
            "calcs": ["lastNotNull"],
            "fields": ""
          },
          "orientation": "auto",
          "textMode": "auto",
          "colorMode": "none",
          "graphMode": "none"
        }
      },
      {
        "id": 3,
        "title": "Switches Today",
        "type": "stat",
        "gridPos": {"h": 8, "w": 6, "x": 12, "y": 0},
        "targets": [
          {
            "expr": "sum without(instance,pod,symbol) (increase(strategy_mode_transitions_total{env=\"$env\",symbol=~\"$symbol\"}[24h]))",
            "legendFormat": "Switches",
            "datasource": "Prometheus"
          }
        ],
        "fieldConfig": {
          "defaults": {
            "unit": "short"
          }
        },
        "options": {
          "reduceOptions": {
            "values": false,
            "calcs": ["lastNotNull"],
            "fields": ""
          },
          "orientation": "auto",
          "textMode": "auto",
          "colorMode": "none",
          "graphMode": "none"
        }
      },
      {
        "id": 4,
        "title": "Switch Reason Distribution",
        "type": "bargauge",
        "gridPos": {"h": 8, "w": 6, "x": 18, "y": 0},
        "targets": [
          {
            "expr": "sum by (reason) (increase(strategy_mode_transitions_total{env=\"$env\",symbol=~\"$symbol\"}[$__range]))",
            "legendFormat": "{{reason}}",
            "datasource": "Prometheus"
          }
        ],
        "fieldConfig": {
          "defaults": {
            "unit": "short"
          }
        }
      },
      {
        "id": 5,
        "title": "Mode Duration Trend",
        "type": "timeseries",
        "gridPos": {"h": 8, "w": 12, "x": 0, "y": 8},
        "targets": [
          {
            "expr": "sum by (mode) (increase(strategy_time_in_mode_seconds_total{env=\"$env\",symbol=~\"$symbol\"}[$__range])) / 3600",
            "legendFormat": "{{mode}} (hours)",
            "datasource": "Prometheus"
          }
        ],
        "fieldConfig": {
          "defaults": {
            "unit": "h"
          }
        },
        "options": {
          "legend": {
            "displayMode": "table",
            "placement": "bottom"
          }
        }
      },
      {
        "id": 6,
        "title": "Market Triggers",
        "type": "timeseries",
        "gridPos": {"h": 8, "w": 12, "x": 12, "y": 8},
        "targets": [
          {
            "expr": "avg without(instance,pod) (strategy_trigger_trades_per_min{env=\"$env\",symbol=~\"$symbol\"})",
            "legendFormat": "Trades/min",
            "datasource": "Prometheus"
          },
          {
            "expr": "avg without(instance,pod) (strategy_trigger_quote_updates_per_sec{env=\"$env\",symbol=~\"$symbol\"})",
            "legendFormat": "Quotes/sec",
            "datasource": "Prometheus"
          }
        ],
        "fieldConfig": {
          "defaults": {
            "unit": "short"
          }
        }
      },
      {
        "id": 7,
        "title": "Spread & Volatility",
        "type": "timeseries",
        "gridPos": {"h": 8, "w": 12, "x": 0, "y": 16},
        "targets": [
          {
            "expr": "avg without(instance,pod) (strategy_trigger_spread_bps{env=\"$env\",symbol=~\"$symbol\"})",
            "legendFormat": "Spread (bps)",
            "datasource": "Prometheus"
          },
          {
            "expr": "avg without(instance,pod) (strategy_trigger_volatility_bps{env=\"$env\",symbol=~\"$symbol\"})",
            "legendFormat": "Volatility (bps)",
            "datasource": "Prometheus"
          }
        ],
        "fieldConfig": {
          "defaults": {
            "unit": "none",
            "custom": {
              "suffix": " bps"
            }
          }
        }
      },
      {
        "id": 8,
        "title": "Volume USD",
        "type": "timeseries",
        "gridPos": {"h": 8, "w": 12, "x": 12, "y": 16},
        "targets": [
          {
            "expr": "avg without(instance,pod) (strategy_trigger_volume_usd{env=\"$env\",symbol=~\"$symbol\"})",
            "legendFormat": "Volume (USD)",
            "datasource": "Prometheus"
          }
        ],
        "fieldConfig": {
          "defaults": {
            "unit": "currencyUSD"
          }
        }
      }
    ]
  }
}
