{
  "dashboard": {
    "id": null,
    "title": "Strategy Alerts",
    "description": "策略告警监控仪表盘",
    "tags": ["strategy", "alerts", "monitoring"],
    "timezone": "Asia/Hong_Kong",
    "time": {
      "from": "now-6h",
      "to": "now"
    },
    "refresh": "30s",
    "templating": {
      "list": [
        {
          "name": "env",
          "type": "query",
          "query": "label_values(strategy_mode_active, env)",
          "refresh": 1,
          "includeAll": false,
          "multi": false,
          "allValue": "",
          "datasource": "Prometheus",
          "definition": "label_values(strategy_mode_active, env)",
          "current": {
            "selected": true,
            "text": "testing",
            "value": "testing"
          }
        }
      ]
    },
    "panels": [
      {
        "id": 1,
        "title": "Frequent Switching Alert",
        "type": "stat",
        "gridPos": {"h": 8, "w": 6, "x": 0, "y": 0},
        "targets": [
          {
            "expr": "sum without(instance,pod) (increase(strategy_mode_transitions_total{env=\"$env\"}[1h]))",
            "legendFormat": "Switches/hour",
            "datasource": "Prometheus"
          }
        ],
        "fieldConfig": {
          "defaults": {
            "unit": "short",
            "color": {
              "mode": "thresholds"
            },
            "thresholds": {
              "steps": [
                {"color": "green", "value": null},
                {"color": "yellow", "value": 5},
                {"color": "red", "value": 10}
              ]
            }
          }
        },
        "options": {
          "reduceOptions": {
            "values": false,
            "calcs": ["lastNotNull"],
            "fields": ""
          },
          "orientation": "auto",
          "textMode": "auto",
          "colorMode": "value",
          "graphMode": "none"
        }
      },
      {
        "id": 2,
        "title": "Long Quiet Period Alert",
        "type": "stat",
        "gridPos": {"h": 8, "w": 6, "x": 6, "y": 0},
        "targets": [
          {
            "expr": "(time() - max without(instance,pod) (strategy_mode_last_change_timestamp{env=\"$env\"})) / 3600",
            "legendFormat": "Hours since last switch",
            "datasource": "Prometheus"
          }
        ],
        "fieldConfig": {
          "defaults": {
            "unit": "h",
            "color": {
              "mode": "thresholds"
            },
            "thresholds": {
              "steps": [
                {"color": "green", "value": null},
                {"color": "yellow", "value": 2},
                {"color": "red", "value": 4}
              ]
            }
          }
        },
        "options": {
          "reduceOptions": {
            "values": false,
            "calcs": ["lastNotNull"],
            "fields": ""
          },
          "orientation": "auto",
          "textMode": "auto",
          "colorMode": "value",
          "graphMode": "none"
        }
      },
      {
        "id": 3,
        "title": "Parameter Update Failures",
        "type": "stat",
        "gridPos": {"h": 8, "w": 6, "x": 12, "y": 0},
        "targets": [
          {
            "expr": "sum without(instance,pod) (increase(strategy_params_update_failures_total{env=\"$env\"}[5m]))",
            "legendFormat": "Failures (5m)",
            "datasource": "Prometheus"
          }
        ],
        "fieldConfig": {
          "defaults": {
            "unit": "short",
            "color": {
              "mode": "thresholds"
            },
            "thresholds": {
              "steps": [
                {"color": "green", "value": null},
                {"color": "red", "value": 1}
              ]
            }
          }
        },
        "options": {
          "reduceOptions": {
            "values": false,
            "calcs": ["lastNotNull"],
            "fields": ""
          },
          "orientation": "auto",
          "textMode": "auto",
          "colorMode": "value",
          "graphMode": "none"
        }
      },
      {
        "id": 4,
        "title": "Metrics Heartbeat Status",
        "type": "stat",
        "gridPos": {"h": 8, "w": 6, "x": 18, "y": 0},
        "targets": [
          {
            "expr": "time() - max without(instance,pod) (strategy_metrics_last_scrape_timestamp{env=\"$env\"})",
            "legendFormat": "Seconds since last scrape",
            "datasource": "Prometheus"
          }
        ],
        "fieldConfig": {
          "defaults": {
            "unit": "s",
            "color": {
              "mode": "thresholds"
            },
            "thresholds": {
              "steps": [
                {"color": "green", "value": null},
                {"color": "yellow", "value": 60},
                {"color": "red", "value": 120}
              ]
            }
          }
        },
        "options": {
          "reduceOptions": {
            "values": false,
            "calcs": ["lastNotNull"],
            "fields": ""
          },
          "orientation": "auto",
          "textMode": "auto",
          "colorMode": "value",
          "graphMode": "none"
        }
      },
      {
        "id": 5,
        "title": "Alert Trends",
        "type": "timeseries",
        "gridPos": {"h": 8, "w": 12, "x": 0, "y": 8},
        "targets": [
          {
            "expr": "sum without(instance,pod) (increase(strategy_mode_transitions_total{env=\"$env\"}[1h]))",
            "legendFormat": "Switches/hour",
            "datasource": "Prometheus"
          },
          {
            "expr": "sum without(instance,pod) (increase(strategy_params_update_failures_total{env=\"$env\"}[1h]))",
            "legendFormat": "Update failures/hour",
            "datasource": "Prometheus"
          }
        ],
        "fieldConfig": {
          "defaults": {
            "unit": "short"
          }
        }
      },
      {
        "id": 6,
        "title": "Alert Thresholds",
        "type": "table",
        "gridPos": {"h": 8, "w": 12, "x": 12, "y": 8},
        "targets": [
          {
            "expr": "sum(increase(strategy_mode_transitions_total{env=\"$env\"}[1h]))",
            "legendFormat": "Switches/hour",
            "datasource": "Prometheus",
            "format": "table",
            "instant": true
          }
        ],
        "transformations": [
          {
            "id": "organize",
            "options": {
              "excludeByName": {
                "Time": true
              },
              "indexByName": {},
              "renameByName": {
                "Value": "Current Value",
                "Alert": "Alert Type"
              }
            }
          },
          {
            "id": "reduce",
            "options": {
              "includeByName": {},
              "reducers": ["lastNotNull"]
            }
          }
        ],
        "fieldConfig": {
          "defaults": {
            "custom": {
              "displayMode": "table"
            }
          }
        }
      },
      {
        "id": 7,
        "title": "Alert History",
        "type": "logs",
        "gridPos": {"h": 8, "w": 24, "x": 0, "y": 16},
        "targets": [
          {
            "expr": "{env=\"$env\"} |~ \"mode_changed|mode_change_failed\"",
            "datasource": "Loki",
            "refId": "A"
          }
        ],
        "options": {
          "showTime": true,
          "showLabels": true,
          "showCommonLabels": false,
          "wrapLogMessage": true,
          "prettifyLogMessage": false,
          "enableLogDetails": true,
          "dedupStrategy": "none",
          "sortOrder": "Descending"
        }
      }
    ]
  }
}
